{"cameraMode":{"drawMode":0,"name":"Shaded","section":"Shading Mode"},"sceneLighting":true,"audioPlay":false,"sceneViewState":{"showFog":true,"showMaterialUpdate":false,"showSkybox":true,"showFlares":true,"showImageEffects":true,"showParticleSystems":true},"in2DMode":false,"pivot":{"x":-0.8176336288452148,"y":9.119799613952637,"z":2.9844870567321779},"rotation":{"x":0.08054760843515396,"y":-0.12822096049785615,"z":0.010449503548443318,"w":0.9884140491485596},"size":203.94125366210938,"orthographic":false}